Title,Publisher,Author,Available
Head First Design Patterns,�Ѻ��̵��,Eric Freeman �� 3��,1
�����а� ����,�ñ׸�������,William D. Callister �� 1��,1
Power C++,���Ǵ�Ƽ�Ͻ�,õ�α�,1
�̵��� ����ü,,,1
Bacterial Physiology and Metabolism,Cambridge University Press,�躴ȫ �� 1��,1
�����Ϲݹ�����II,CMG,�����Ϲݹ����� ������������ȸ,1
���й�����II,�Ͻ���,���й����� ������������ȸ,1
���л� �λ����� ��ũ��,������,���ǿ�,1
�������� I,����,James stewart,1
������� ���ĳ��� �ι���,��Ʈ����,������,1
��ǻ�� ���� �� ����,�Ѻ��̵��,�ڸ��� �� 3��,1
��ť�� ������,CENGAGE,N. Gregory Mankiw,1
�ϴÿ��� ������ �����ٸ�(����),��ũ�������,Judi Barrett,1
Java�� ����,��������,���ü�,1
"Understanding Computers: Today and Tomorrow, Comprehensive 15th Edition",Technology evolution,Deborah Morley �� 1��,1
�Ҽȳ�Ʈ��ũ�м�,û��,���⿵,1
������̽��� ó������,���Ǵ�Ƽ�Ͻ�,õ�α�,1
�Ϲ�ȭ�н���,���δ��б� ���Ǻ�,���δ��б� ��������ȭ�а�,1
������������ �ٽ� Ư��,,,1
"�۾��� - �ι�, ��ȸ�迭",���δ��б� ���Ǻ�,,1
�Ϲݹ����н���,���δ��б� ���Ǻ�,�Ϲݹ����� ���豳�� ��������ȸ,1
System Analysis and Design,Wiley,Alan Dennis �� 2��,1
������ ���н���,���δ��б� ���Ǻ�,�ΰ��,1
Elements of electromoagnetics,OxFord,Matthew Sadiku,1
�濵�� ��ȭ,����,Stuar Crainer,1
��ᰭ����,�����,�̵���,1
�������ڽ��� with Pspice,�Ѻ��̵��,ȫ����,1
���̾�� �ɸ��� Ž��,�ñ׸�������,David Miers,1
�������� II,����,James stewart,1
HTML5+CSS3+Javascript �����α׷���,��������,Ȳ����,1
�������� ���� ķ�� ��������,���̿����̾�,Jane B. Reece,1
���й�����I,�Ͻ���,���й����� ������������ȸ,1
Statics and mechanics of Materials,Pearson,Russell C. Hibbeler,1
������� â�� Ȱ���� ���� �߸��� Ư��,���Ǵ�Ƽ�Ͻ�,ȫ��ǥ,1
���μ�ȸ��,û��,Ȳ�Կ� �� 1��,1
�����������,������������,Charles H. Roth,1
��῭����,ȫ���������ǻ�,Gaskell Laughlin,1
�ݼӻ���,��������,����� �� 1��,1
��Ὺ��,Pearson,R. C Hibbeler,1
